
-- KHACH (MaKH, TenKH, SDT, DiaChi)
CREATE TABLE KHACH (
	MaKH VARCHAR(36) PRIMARY KEY DEFAULT NEWID(),
	TenKH NVARCHAR(40) NOT NULL,
	SDT CHAR(10) NOT NULL,
	DiaChi NVARCHAR(50)
);

INSERT INTO KHACH(MaKH, TenKH, SDT, DiaChi) VALUES
('770B363F-3411-4446-80B5-93E57F25529C',N'Trần Quang Trường', '0123456789', N'Hồ Chí Minh'),
('638A7B5A-AB8B-42C1-B47B-306E68F00CAD',N'Nguyễn Văn A', '0901234567', N'Hà Nội'),
('CC024820-1346-43DA-A5BE-39D15A450CB5',N'Trần Thị B', '0912345678', N'Hồ Chí Minh'),
('8491AA60-652A-4E92-92E6-8B05C94D2020',N'Lê Văn C', '0923456789', N'Đà Nẵng'),
('739DCD96-7A2A-4586-883A-8B13750BD57F', N'Phạm Thị D', '0934567890', N'Hải Phòng'),
('34356E55-DA12-4705-8E4D-92AA4F29534F', N'Hoàng Văn E', '0945678901', N'Cần Thơ'),
('A76E74EA-8892-418C-8F9C-EE7D412E734C',N'Đặng Thị F', '0956789012', N'Quảng Ninh'),
('8C08D8C7-C3CC-442B-B539-2818E6A94A13',N'Vũ Văn G', '0967890123', N'Huế'),
('FF1A2B9C-ACAE-4EA7-ACD3-92B9987DC334',N'Ngô Thị H', '0978901234', N'Nha Trang'),
('FAB450D1-1517-4EEE-9FF7-0D7299DB41BE',N'Bùi Văn I', '0989012345', N'Đồng Nai'),
('05C78F56-158A-441F-9F65-B1C051DCADBF', N'Dương Thị K', '0990123456', N'Bình Dương');

-- TAIKHOAN(MaTK, TaiKhoan, MatKhau, GioChoi, Email, MaKH)
CREATE TABLE TAIKHOAN (
	MaTK VARCHAR(36) PRIMARY KEY DEFAULT NEWID(),
	TaiKhoan NVARCHAR(20) NOT NULL,
	MatKhau NVARCHAR(20) NOT NULL DEFAULT '123',
	GioChoi FLOAT,
	Email VARCHAR(40),
	MaKH VARCHAR(36),
	FOREIGN KEY (MaKH) REFERENCES KHACH(MaKH)
);

INSERT INTO TAIKHOAN (MaTK, TaiKhoan, MatKhau, GioChoi, Email, MaKH) VALUES
('255A1B17-4FE4-44EB-8476-1296E6893C27','0123456789', '123', 1000, NULL, '770B363F-3411-4446-80B5-93E57F25529C'),
('B901C2B0-5126-4E57-919E-DBFC63382A79','0901234567', '123', 1000, NULL, '638A7B5A-AB8B-42C1-B47B-306E68F00CAD'),
('2140F162-CA42-4D30-B28C-EBE711B09841','0912345678', '123', 1000, NULL, 'CC024820-1346-43DA-A5BE-39D15A450CB5'),
('FF437724-E7EC-41C6-95DE-8CA8DD91F73C','0923456789', '123', 1000, NULL, '8491AA60-652A-4E92-92E6-8B05C94D2020'),
('705264E7-E72E-4177-80DD-41D6BC072DCF','0934567890', '123', 1000, NULL, '739DCD96-7A2A-4586-883A-8B13750BD57F'),
('6D66956B-93F5-4A68-B29C-8F4A30221AF2','0945678901', '123', 1000, NULL, '34356E55-DA12-4705-8E4D-92AA4F29534F'),
('0B8AEB19-5EE2-4FCA-984B-7626ACCB18BB','0956789012', '123', 1000, NULL, 'A76E74EA-8892-418C-8F9C-EE7D412E734C'),
('5427D08C-DB41-45E3-89B4-548891030BA9','0967890123', '123', 1000, NULL, '8C08D8C7-C3CC-442B-B539-2818E6A94A13'),
('C92838E9-903D-4F12-B733-291C728F61C7','0978901234', '123', 1000, NULL, 'FF1A2B9C-ACAE-4EA7-ACD3-92B9987DC334'),
('47295026-AE67-4A03-8D83-C43531CD59CC','0989012345', '123', 1000, NULL, 'FAB450D1-1517-4EEE-9FF7-0D7299DB41BE'),
('3A03B320-836D-465F-A96E-BD9C78F7F9D1','0990123456', '123', 1000, NULL, '05C78F56-158A-441F-9F65-B1C051DCADBF');


-- LOAIMAY(MaLM, TenML, Gia, CauHinh)
CREATE TABLE LOAIMAY (
	MaLM VARCHAR(36) PRIMARY KEY DEFAULT NEWID(),
	TenLM NVARCHAR(20) NOT NULL,
	Gia FLOAT,
	CauHinh NVARCHAR(50)
);

INSERT INTO LOAIMAY (MaLM, TenLM, Gia, CauHinh) VALUES
('26A59C2B-6E44-4B0A-8786-44CC6D922B41','MEDIUM', 7500, 'CPU:i3-10105F.RAM:16G.VGA:1660 Super.AOC 27 165hz'),
('5CC4772E-35EB-4255-917D-71E4FAACB6BD','VIP', 9500, 'CPU:i3-12100F.RAM:16G.VGA:2060 Super.AOC 32 240hz'),
('23BF395D-29B5-42A6-B004-E2090305ACE4','SVIP', 11000, 'CPU:i5-12400F.RAM:32G.VGA:2060 Super.AOC 32 240hz'),
('002AC24E-EEF8-44A9-8594-D27C29AD995C','PREMIUM', 13500, 'CPU:i5-13400F.RAM:32G.VGA:3070TI.MSI 25 380hz');

-- MAY(MaM, SoMay, TinhTrang, ThoiGianSD, MaTK, MaLM)
	CREATE TABLE MAY (
		MaM VARCHAR(36) PRIMARY KEY DEFAULT NEWID(),
		SoMay INT NOT NULL,
		TinhTrang INT NOT NULL,
		ThoiGianSD FLOAT,
		MaTK VARCHAR(36),
		MaLM VARCHAR(36),
		FOREIGN KEY (MaTK) REFERENCES TAIKHOAN(MaTK),
		FOREIGN KEY (MaLM) REFERENCES LOAIMAY(MaLM)
	);

-- MEDIUM
INSERT INTO MAY (SoMay, TinhTrang, ThoiGianSD, MaTK, MaLM) VALUES
(45, 0, 0, NULL, '26A59C2B-6E44-4B0A-8786-44CC6D922B41'),
(46, 0, 0, NULL, '26A59C2B-6E44-4B0A-8786-44CC6D922B41'),
(47, 0, 0, NULL, '26A59C2B-6E44-4B0A-8786-44CC6D922B41'),
(48, 0, 0, NULL, '26A59C2B-6E44-4B0A-8786-44CC6D922B41'),
(49, 0, 0, NULL, '26A59C2B-6E44-4B0A-8786-44CC6D922B41'),
(50, 0, 0, NULL, '26A59C2B-6E44-4B0A-8786-44CC6D922B41'),
(51, 0, 0, NULL, '26A59C2B-6E44-4B0A-8786-44CC6D922B41'),
(52, 0, 0, NULL, '26A59C2B-6E44-4B0A-8786-44CC6D922B41'),
(53, 0, 0, NULL, '26A59C2B-6E44-4B0A-8786-44CC6D922B41'),
(54, 0, 0, NULL, '26A59C2B-6E44-4B0A-8786-44CC6D922B41'),
(55, 0, 0, NULL, '26A59C2B-6E44-4B0A-8786-44CC6D922B41'),
(56, 0, 0, NULL, '26A59C2B-6E44-4B0A-8786-44CC6D922B41'),
(57, 0, 0, NULL, '26A59C2B-6E44-4B0A-8786-44CC6D922B41'),
(58, 0, 0, NULL, '26A59C2B-6E44-4B0A-8786-44CC6D922B41'),
(59, 0, 0, NULL, '26A59C2B-6E44-4B0A-8786-44CC6D922B41'),
(60, 0, 0, NULL, '26A59C2B-6E44-4B0A-8786-44CC6D922B41'),
(61, 0, 0, NULL, '26A59C2B-6E44-4B0A-8786-44CC6D922B41');
-- VIP
INSERT INTO MAY (SoMay, TinhTrang, ThoiGianSD, MaTK, MaLM) VALUES
(1, 0, 0, NULL, '5CC4772E-35EB-4255-917D-71E4FAACB6BD'),
(2, 0, 0, NULL, '5CC4772E-35EB-4255-917D-71E4FAACB6BD'),
(3, 0, 0, NULL, '5CC4772E-35EB-4255-917D-71E4FAACB6BD'),
(4, 0, 0, NULL, '5CC4772E-35EB-4255-917D-71E4FAACB6BD'),
(5, 0, 0, NULL, '5CC4772E-35EB-4255-917D-71E4FAACB6BD'),
(6, 0, 0, NULL, '5CC4772E-35EB-4255-917D-71E4FAACB6BD'),
(7, 0, 0, NULL, '5CC4772E-35EB-4255-917D-71E4FAACB6BD'),
(8, 0, 0, NULL, '5CC4772E-35EB-4255-917D-71E4FAACB6BD'),
(9, 0, 0, NULL, '5CC4772E-35EB-4255-917D-71E4FAACB6BD'),
(10, 0, 0, NULL, '5CC4772E-35EB-4255-917D-71E4FAACB6BD'),
(11, 0, 0, NULL, '5CC4772E-35EB-4255-917D-71E4FAACB6BD'),
(12, 0, 0, NULL, '5CC4772E-35EB-4255-917D-71E4FAACB6BD'),
(13, 0, 0, NULL, '5CC4772E-35EB-4255-917D-71E4FAACB6BD'),
(14, 0, 0, NULL, '5CC4772E-35EB-4255-917D-71E4FAACB6BD'),
(15, 0, 0, NULL, '5CC4772E-35EB-4255-917D-71E4FAACB6BD'),
(16, 0, 0, NULL, '5CC4772E-35EB-4255-917D-71E4FAACB6BD'),
(17, 0, 0, NULL, '5CC4772E-35EB-4255-917D-71E4FAACB6BD'),
(18, 0, 0, NULL, '5CC4772E-35EB-4255-917D-71E4FAACB6BD'),
(19, 0, 0, NULL, '5CC4772E-35EB-4255-917D-71E4FAACB6BD'),
(20, 0, 0, NULL, '5CC4772E-35EB-4255-917D-71E4FAACB6BD'),
(21, 0, 0, NULL, '5CC4772E-35EB-4255-917D-71E4FAACB6BD'),
(22, 0, 0, NULL, '5CC4772E-35EB-4255-917D-71E4FAACB6BD'),
(23, 0, 0, NULL, '5CC4772E-35EB-4255-917D-71E4FAACB6BD'),
(24, 0, 0, NULL, '5CC4772E-35EB-4255-917D-71E4FAACB6BD');
-- SVIP
INSERT INTO MAY (SoMay, TinhTrang, ThoiGianSD, MaTK, MaLM) VALUES
(25, 0, 0, NULL, '23BF395D-29B5-42A6-B004-E2090305ACE4'),
(26, 0, 0, NULL, '23BF395D-29B5-42A6-B004-E2090305ACE4'),
(27, 0, 0, NULL, '23BF395D-29B5-42A6-B004-E2090305ACE4'),
(28, 0, 0, NULL, '23BF395D-29B5-42A6-B004-E2090305ACE4'),
(29, 0, 0, NULL, '23BF395D-29B5-42A6-B004-E2090305ACE4'),
(30, 0, 0, NULL, '23BF395D-29B5-42A6-B004-E2090305ACE4'),
(31, 0, 0, NULL, '23BF395D-29B5-42A6-B004-E2090305ACE4'),
(32, 0, 0, NULL, '23BF395D-29B5-42A6-B004-E2090305ACE4'),
(33, 0, 0, NULL, '23BF395D-29B5-42A6-B004-E2090305ACE4'),
(34, 0, 0, NULL, '23BF395D-29B5-42A6-B004-E2090305ACE4'),
(35, 0, 0, NULL, '23BF395D-29B5-42A6-B004-E2090305ACE4'),
(36, 0, 0, NULL, '23BF395D-29B5-42A6-B004-E2090305ACE4'),
(37, 0, 0, NULL, '23BF395D-29B5-42A6-B004-E2090305ACE4'),
(38, 0, 0, NULL, '23BF395D-29B5-42A6-B004-E2090305ACE4'),
(39, 0, 0, NULL, '23BF395D-29B5-42A6-B004-E2090305ACE4'),
(40, 0, 0, NULL, '23BF395D-29B5-42A6-B004-E2090305ACE4'),
(41, 0, 0, NULL, '23BF395D-29B5-42A6-B004-E2090305ACE4'),
(42, 0, 0, NULL, '23BF395D-29B5-42A6-B004-E2090305ACE4'),
(43, 0, 0, NULL, '23BF395D-29B5-42A6-B004-E2090305ACE4'),
(44, 0, 0, NULL, '23BF395D-29B5-42A6-B004-E2090305ACE4');
-- PREMIUM
INSERT INTO MAY (SoMay, TinhTrang, ThoiGianSD, MaTK, MaLM) VALUES
(62, 0, 0, NULL, '002AC24E-EEF8-44A9-8594-D27C29AD995C'),
(63, 0, 0, NULL, '002AC24E-EEF8-44A9-8594-D27C29AD995C'),
(64, 0, 0, NULL, '002AC24E-EEF8-44A9-8594-D27C29AD995C'),
(65, 0, 0, NULL, '002AC24E-EEF8-44A9-8594-D27C29AD995C'),
(66, 0, 0, NULL, '002AC24E-EEF8-44A9-8594-D27C29AD995C'),
(67, 0, 0, NULL, '002AC24E-EEF8-44A9-8594-D27C29AD995C'),
(68, 0, 0, NULL, '002AC24E-EEF8-44A9-8594-D27C29AD995C'),
(69, 0, 0, NULL, '002AC24E-EEF8-44A9-8594-D27C29AD995C'),
(70, 0, 0, NULL, '002AC24E-EEF8-44A9-8594-D27C29AD995C'),
(71, 0, 0, NULL, '002AC24E-EEF8-44A9-8594-D27C29AD995C'),
(72, 0, 0, NULL, '002AC24E-EEF8-44A9-8594-D27C29AD995C'),
(73, 0, 0, NULL, '002AC24E-EEF8-44A9-8594-D27C29AD995C'),
(74, 0, 0, NULL, '002AC24E-EEF8-44A9-8594-D27C29AD995C'),
(75, 0, 0, NULL, '002AC24E-EEF8-44A9-8594-D27C29AD995C');

-- QUANTRI(MaQTV, TenQTV, TaiKoanQT, MatKhauQT, SDT, NgaySinh, IsAdmin)
CREATE TABLE QUANTRI (
	MaQTV VARCHAR(36) PRIMARY KEY DEFAULT NEWID(),
	TenQTV NVARCHAR(20) NOT NULL,
	TaiKhoanQT VARCHAR(20) NOT NULL,
	MatKhauQT VARCHAR(20) NOT NULL,
	Email VARCHAR(40),
	SDT CHAR(10),
	NgaySinh DATE,
	IsAdmin BIT
);

INSERT INTO QUANTRI (MaQTV, TenQTV, TaiKhoanQT, MatKhauQT, Email, SDT, NgaySinh, IsAdmin) VALUES
('37098979-BD0C-4AF8-85BA-65F7092C9953',N'Lê Đình Khôi', 'admin', '123', 'aotuong1390@gmail.com', '0123456789', '2004-04-08', 1),
('342D4F87-2FF3-4725-9BCE-5235C6B010A0',N'Nguyễn Văn Quản', 'quantri1', 'password123', 'quantri1@example.com', '0901234567', '1990-01-01', 0),
('A9AD8632-654F-4622-9B4F-43A1C214CE09',N'Trần Thị Quản', 'quantri2', 'password123', 'quantri2@example.com', '0912345678', '1992-05-10', 0),
('AC8D7FBA-19B9-4C9D-AD1C-171D65D6B01F',N'Lê Văn Quản', 'quantri3', 'password123', 'quantri3@example.com', '0923456789', '1995-09-15', 0);


-- DICHVU(MaDV, TenDV, GiaDV, MoTaDV, HinhAnh, SoTonKho)
CREATE TABLE DICHVU (
	MaDV VARCHAR(36) PRIMARY KEY DEFAULT NEWID(),
	TenDV NVARCHAR(50) NOT NULL,
	GiaDV FLOAT NOT NULL,
	LoaiDV VARCHAR(20) NOT NULL,
	MoTaDV NVARCHAR(50),
	HinhAnh VARCHAR(50),
	SoTonKho INT NOT NULL
);

INSERT INTO DICHVU (MaDV, TenDV, GiaDV, LoaiDV, MoTaDV, HinhAnh, SoTonKho)
VALUES 
('045253F7-53BE-452A-9357-B55C555DFFF1', N'Nạp 50K', 50000, 'Goi', NULL, '50K.png', 2147483647),
('06BB0E49-5AF5-4A34-B13E-6F246C9587AE', N'Bò Lúc Lắc Khoai Tây Chiên', 40000, 'DoAn', NULL, 'Com.png', 100),
('0CC69D0F-B13E-4BD0-A057-1304D22B37A4', N'Cơm Đùi Gà', 34000, 'DoAn', NULL, 'Com.png', 100),
('1E488E2A-044D-4E50-8339-C61E32594EE9', N'Nước Cam', 18000, 'DoUong', NULL, 'Nuoc.png', 100),
('2FF2AC95-43FE-4B15-87F1-CC9312B59760', N'Cơm Bò Xào', 30000, 'DoAn', NULL, 'Com.png', 100),
('32860DAD-43E0-4A0A-8CC7-9FEDFAFDAC27', N'Mì Tôm 2 Trứng', 30000, 'DoAn', NULL, 'Com.png', 100),
('4455F688-C0C6-422C-BC38-CDD9B1E8E5D2', N'Cơm Gà Sốt Cay', 34000, 'DoAn', NULL, 'Com.png', 100),
('4C1CF08A-FF45-493D-9F2C-D5E6F5CFD2BB', N'Cà Phê Sữa Đá', 17000, 'DoUong', NULL, 'Nuoc.png', 100),
('4F870138-A2B0-4CDC-B5E0-A3EBAEC7DD7E', N'C2', 15000, 'DoUong', NULL, 'Nuoc.png', 100),
('609A5708-5D5B-4D33-8A9D-1B2BB65148F1', N'Cơm Chiên Trứng', 20000, 'DoAn', NULL, 'Com.png', 100),
('6C8597CC-A551-4DD1-8EFB-7254F15F7FA7', N'Cơm Chiên Xúc Xích', 30000, 'DoAn', NULL, 'Com.png', 100),
('6DD610A4-805D-4687-A6D6-9E2ADB9A76E8', N'Cơm Trứng Cuộn', 25000, 'DoAn', NULL, 'Com.png', 100),
('8946E6D4-8372-4C04-8E2E-BDBF62B4861D', N'Nạp 500K', 500000, 'Goi', NULL, '500K.png', 2147483647),
('99CD14B6-5E96-48E0-AB34-C05FE6B08E55', N'Nạp 200K', 200000, 'Goi', NULL, '200K.png', 2147483647),
('9AC19A68-1603-4CA0-8B4D-1E902FA3ABC7', N'Redbull', 15000, 'DoUong', NULL, 'Nuoc.png', 100),
('9D0840D1-1B1A-4D99-BC26-17A2F4D03322', N'Nước Ép Dưa Hấu', 18000, 'DoUong', NULL, 'Nuoc.png', 100),
('B3390294-ED17-48AB-A761-CB004530333D', N'Trà Chanh', 15000, 'DoUong', NULL, 'Nuoc.png', 100),
('C47BF699-7057-45FA-8E5A-A7CBC6F0EBD3', N'Nạp 100K', 100000, 'Goi', NULL, '100K.png', 2147483647),
('C918974F-BF06-4566-997B-1E085346A6E4', N'Sting', 15000, 'DoUong', NULL, 'Nuoc.png', 100),
('CD6B8E29-B843-4981-ACFE-C4CDB684C956', N'Cà Phê Đen', 15000, 'DoUong', NULL, 'Nuoc.png', 100),
('CE4B3D97-DBC2-4BDA-80D7-D311C41B9297', N'Cơm Chiên Đùi Gà', 36000, 'DoAn', NULL, 'Com.png', 100),
('EC7698DE-E27E-4C61-A49F-05808DD90FD0', N'Tea+', 15000, 'DoUong', NULL, 'Nuoc.png', 100),
('F349268D-4070-447C-866E-AC3638FC97BE', N'Trà Đào Cam Sã', 22000, 'DoUong', NULL, 'Nuoc.png', 100),
('FD80372D-B3C7-4786-9C57-8C98C0A73B83', N'Cơm Chiên Bò Xào', 33000, 'DoAn', NULL, 'Com.png', 100);


-- HOADON(MaHD, NgayGD, PhuongThucGD, TongTien, MaTK, MaQTV)
CREATE TABLE HOADON (
	MaHD VARCHAR(36) PRIMARY KEY DEFAULT NEWID(),
	NgayGD DATETIME NOT NULL,
	PhuongThucGD VARCHAR(10) NOT NULL,
	TongTien FLOAT NOT NULL,
	IsCheck BIT NOT NULL DEFAULT 0,
	MaTK VARCHAR(36),
	MaQTV VARCHAR(36),
	FOREIGN KEY (MaTK) REFERENCES TAIKHOAN(MaTK),
	FOREIGN KEY (MaQTV) REFERENCES QUANTRI(MaQTV)
);

INSERT INTO HoaDon (MaHD, NgayGD, PhuongThucGD, TongTien, IsCheck, MaTK, MaQTV)
VALUES 
('0D406357-E08C-43BC-B31C-C122BC90E7C2', '2024-12-01 10:00:00.000', 'TienMat', 150000, 1, '0B8AEB19-5EE2-4FCA-984B-7626ACCB18BB', '342D4F87-2FF3-4725-9BCE-5235C6B010A0'),
('2C36A410-7667-4AEC-AE81-08C125A42D8F', '2025-01-30 09:30:00.000', 'QR', 90000, 1, '5427D08C-DB41-45E3-89B4-548891030BA9', 'AC8D7FBA-19B9-4C9D-AD1C-171D65D6B01F'),
('603B1018-7457-407A-8AFC-21C9295ACAFF', '2025-01-05 12:45:00.000', 'TienMat', 180000, 1, '3A03B320-836D-465F-A96E-BD9C78F7F9D1', '342D4F87-2FF3-4725-9BCE-5235C6B010A0'),
('674A75B6-F6FE-4037-A503-D7B142EE5200', '2024-12-15 14:30:00.000', 'TienMat', 230000, 1, '2140F162-CA42-4D30-B28C-EBE711B09841', 'A9AD8632-654F-4622-9B4F-43A1C214CE09'),
('753BD105-68e9-49be-87dc-33422b092f00', '2025-01-14 05:08:32.033', 'QR', 52000, 1, '255A1B17-4FE4-44EB-8476-1296E6893C27', '37098979-BD0C-4AF8-85BA-65F7092C9953'),
('B56A142E-D02C-419A-865B-3BEE010109A6', '2024-12-25 18:15:00.000', 'QR', 120000, 1, '255A1B17-4FE4-44EB-8476-1296E6893C27', 'AC8D7FBA-19B9-4C9D-AD1C-171D65D6B01F'),
('F42FFFC6-1848-4B51-8768-CE755912B240', '2025-01-15 19:00:00.000', 'TienMat', 250000, 1, '47295026-AE67-4A03-8D83-C43531CD59CC', 'A9AD8632-654F-4622-9B4F-43A1C214CE09');


--CHITIETHOADON(MaHD, MaDV, SoLuong, GhiChu)
CREATE TABLE CHITIETHOADON (
	MaHD VARCHAR(36),
	MaDV VARCHAR(36),
	SoLuong INT NOT NULL,
	GhiChu NVARCHAR(50),
	PRIMARY KEY (MaHD, MaDV),
	FOREIGN KEY (MaHD) REFERENCES HOADON(MaHD),
	FOREIGN KEY (MaDV) REFERENCES DICHVU(MaDV)
);

INSERT INTO ChiTietHoaDon (MaHD, MaDV, SoLuong, GhiChu)
VALUES
('0D406357-E08C-43BC-B31C-C122BC90E7C2', '06BB0E49-5AF5-4A34-B13E-6F246C9587AE', 2, N'Thêm khoai tây chiên'),
('0D406357-E08C-43BC-B31C-C122BC90E7C2', '4F870138-A2B0-4CDC-B5E0-A3EBAEC7DD7E', 1, NULL),
('2C36A410-7667-4AEC-AE81-08C125A42D8F', '2FF2AC95-43FE-4B15-87F1-CC9312B59760', 1, N'Thêm ớt'),
('2C36A410-7667-4AEC-AE81-08C125A42D8F', '9D0840D1-1B1A-4D99-BC26-17A2F4D03322', 1, NULL),
('603B1018-7457-407A-8AFC-21C9295ACAFF', 'C918974F-BF06-4566-997B-1E085346A6E4', 2, NULL),
('603B1018-7457-407A-8AFC-21C9295ACAFF', 'CE4B3D97-DBC2-4BDA-80D7-D311C41B9297', 1, N'Không hành'),
('753bd105-68e9-49be-87dc-33422b092f00', '0CC69D0F-B13E-4BD0-A057-1304D22B37A4', 1, NULL),
('753bd105-68e9-49be-87dc-33422b092f00', '1E488E2A-044D-4E50-8339-C61E32594EE9', 1, NULL),
('B56A142E-D02C-419A-865B-3BEE010109A6', '6C8597CC-A551-4DD1-8EFB-7254F15F7FA7', 2, NULL),
('B56A142E-D02C-419A-865B-3BEE010109A6', 'F349268D-4070-447C-866E-AC3638FC97BE', 1, N'Thêm đường'),
('F42FFFC6-1848-4B51-8768-CE755912B240', 'CD6B8E29-B843-4981-ACFE-C4CDB684C956', 1, N'Không đường'),
('F42FFFC6-1848-4B51-8768-CE755912B240', 'FD80372D-B3C7-4786-9C57-8C98C0A73B83', 2, N'Ít mặn');


--GAME(MaG, TenG, LoaiG, DuongDan, HinhAnh)
CREATE TABLE GAME (
	MaG VARCHAR(36) PRIMARY KEY DEFAULT NEWID(), 
    TenG NVARCHAR(50) NOT NULL,
    LoaiG NVARCHAR(50) NOT NULL,
	DuongDan NVARCHAR(100),
    HinhAnh NVARCHAR(100)
);

INSERT INTO GAME (TenG, LoaiG, DuongDan, HinhAnh) VALUES 
('Fortnite', 'Battle Royale', NULL, 'fortnite.png'),
('League of Legends', 'MOBA', NULL, 'lol.png'),
('Elden Ring', 'Action RPG', NULL, 'eldenring.png'),
('Among Us', 'Party', NULL, 'amongus.png'),
('Call of Duty: Warzone', 'Battle Royale', NULL, 'warzone.png'),
('Fall Guys', 'Party', NULL, 'fallguys.png'),
('Overwatch', 'FPS', NULL, 'overwatch.png'),
('Apex Legends', 'Battle Royale', NULL, 'apex.png'),
('Valorant', 'FPS', NULL, 'valorant.png'),
('Rocket League', 'Sports', NULL, 'rocketleague.png');

--APP(MaA, TenA, LoaiA, DuongDan, HinhAnh)
CREATE TABLE APP (
	MaA VARCHAR(36) PRIMARY KEY DEFAULT NEWID(), 
    TenA NVARCHAR(50) NOT NULL,
    LoaiA NVARCHAR(50) NOT NULL,
	DuongDan NVARCHAR(100),
    HinhAnh NVARCHAR(100)
);

INSERT INTO APP (TenA, LoaiA, DuongDan, HinhAnh) VALUES 
('Google Chrome', 'Web Browser', NULL, 'chrome.png'),
('Discord', 'Social', NULL, 'discord.png'),
('XBOX', 'Tools', NULL, 'xbox.png'),
('Origin Launcher', 'Tools', NULL, 'origin.png'),
('Steam', 'Social', NULL, 'steam.png');

DROP TABLE CHITIETHOADON;
DROP TABLE HOADON;
DROP TABLE QUANTRI;
DROP TABLE DICHVU;
DROP TABLE MAY;
DROP TABLE LOAIMAY;
DROP TABLE TAIKHOAN;
DROP TABLE KHACH;
DROP TABLE GAME;
DROP TABLE APP;



